Jogador 1,Vitï¿½ria,25.589853763580322,single
Jogador 1,Vitï¿½ria,15.218950986862183,single
Jogador 1,Vitï¿½ria,11.117799758911133,single
Jogador 1,Vitï¿½ria,29.26285481452942,single
Jogador 1,Vitï¿½ria,27.06169080734253,single
Jogador 1,Vitï¿½ria,18.23151659965515,single
Jogador 1,Vitï¿½ria,11.556718826293945,single
Jogador 1,Vitória,13.172086477279663,single
