Jogador 1,Vitória,25.589853763580322,single
Jogador 1,Vitória,15.218950986862183,single
Jogador 1,Vitória,11.117799758911133,single
Jogador 1,Vitória,29.26285481452942,single
Jogador 1,Vitória,27.06169080734253,single
